,A_good,B_poor,C_stanley500
episodes,400.0,400.0,500.0
total_frames,143646.0,97655.0,121107.0
fps,30.0,30.0,30.0
length_mean,359.1,244.1,242.2
length_std,12.9,14.4,13.1
gripper_open_value,0.044,0.044,0.044
right_hold_value_median,0.0246,0.0312,0.0322
right_hold_value_std,0.003,0.0051,0.0036
left_hold_value_std,0.002,0.0044,0.0016
max_step_median,0.105,0.084,0.08
grasp_frame_mean,103.2,71.6,71.2
grasp_frame_std,17.6,6.6,7.3
grasp_t_std,0.045,0.026,0.028
handover_frame_std,12.1,12.5,11.0
handover_overlap_median,14.0,10.0,10.0
start_pose_std_right_mean,0.0162,0.0028,0.0026
start_pose_std_left_mean,0.0024,0.0041,0.0036
grasp_pose_std_right_mean,0.27,0.244,0.23
path_right_mean,20.0,14.18,13.35
path_left_mean,13.46,9.97,9.97
track_err_median,0.00251,0.00269,0.0026
jerk_rms_median,0.00078,0.00075,0.0007
nn_dist_median,0.082,0.166,0.08
lead_idle_mean,0.0,0.0,0.0
trail_idle_mean,25.0,16.9,17.3
right_pre_grasp_close_pct,3.0,4.0,3.4
right_regrasp_pct,3.8,1.5,2.8
right_post_release_close_pct,0.8,22.0,0.0
left_early_close_pct,0.0,3.0,0.6
left_abnormal_pct,0.0,0.0,0.0
gripper_twitch_pct,9.8,36.0,18.2
hold_slip_pct,7.2,10.2,11.6
drop_risk_pct,0.0,2.0,0.0
no_handover_pct,0.0,0.8,0.0
timing_outlier_pct,16.0,2.5,2.6
start_outlier_pct,0.0,0.5,0.2
long_pause_pct,0.0,0.0,0.0
action_spike_pct,1.0,0.0,0.2
tracking_error_pct,0.0,0.0,0.0
near_duplicate_pct,0.5,0.0,0.0
length_outlier_pct,0.0,0.0,0.0
exclude_pct,4.5,25.5,3.2
clean_pct,69.0,53.2,68.8
